{
    "W.G. McAdoo": {
        "resign_dates": [
            "Dec. 15, 1918"
        ],
        "reappoint_dates": []
    },
    "John Skelton Williams": {
        "resign_dates": [
            "Mar. 2, 1921"
        ],
        "reappoint_dates": []
    },
    "Charles S. Hamlin": {
        "resign_dates": [],
        "reappoint_dates": []
    },
    "Paul M. Warburg": {
        "resign_dates": [
            "Aug. 9, 1918"
        ],
        "reappoint_dates": []
    },
    "Frederic A. Delano": {
        "resign_dates": [
            "July 21, 1918"
        ],
        "reappoint_dates": []
    },
    "W.P.G. Harding": {
        "resign_dates": [
            "Aug. 9, 1922"
        ],
        "reappoint_dates": []
    },
    "Adolph C. Miller": {
        "resign_dates": [
            "Feb. 3, 1936"
        ],
        "reappoint_dates": []
    },
    "Albert Strauss": {
        "resign_dates": [
            "Mar. 15, 1920"
        ],
        "reappoint_dates": []
    },
    "Carter Glass": {
        "resign_dates": [
            "Feb. 1, 1920"
        ],
        "reappoint_dates": []
    },
    "Henry A. Moehlenpah": {
        "resign_dates": [
            "Aug. 9, 1920"
        ],
        "reappoint_dates": []
    },
    "David F. Houston": {
        "resign_dates": [
            "Mar. 3, 1921"
        ],
        "reappoint_dates": []
    },
    "Edmund Platt": {
        "resign_dates": [
            "Sept. 14, 1930"
        ],
        "reappoint_dates": []
    },
    "David C. Wills": {
        "resign_dates": [
            "Mar. 4, 1921"
        ],
        "reappoint_dates": []
    },
    "Andrew W. Mellon": {
        "resign_dates": [
            "Feb. 12, 1932"
        ],
        "reappoint_dates": []
    },
    "John R. Mitchell": {
        "resign_dates": [
            "May 12, 1923"
        ],
        "reappoint_dates": []
    },
    "Milo D. Campbell": {
        "resign_dates": [
            "Mar. 22, 1923"
        ],
        "reappoint_dates": []
    },
    "Daniel R. Crissinger": {
        "resign_dates": [
            "Sept. 15, 1927"
        ],
        "reappoint_dates": []
    },
    "Henry M. Dawes": {
        "resign_dates": [
            "Dec. 17, 1924"
        ],
        "reappoint_dates": []
    },
    "George R. James": {
        "resign_dates": [
            "Feb. 3, 1936"
        ],
        "reappoint_dates": []
    },
    "Edward H. Cunningham": {
        "resign_dates": [
            "Nov. 28, 1930"
        ],
        "reappoint_dates": []
    },
    "Joseph W. McIntosh": {
        "resign_dates": [
            "Nov. 20, 1928"
        ],
        "reappoint_dates": []
    },
    "Roy A. Young": {
        "resign_dates": [
            "Aug. 31, 1930"
        ],
        "reappoint_dates": []
    },
    "J.W. Pole": {
        "resign_dates": [
            "Sept. 20, 1932"
        ],
        "reappoint_dates": []
    },
    "Eugene Meyer": {
        "resign_dates": [
            "May 10, 1933"
        ],
        "reappoint_dates": []
    },
    "Wayland W. Magee": {
        "resign_dates": [
            "Jan. 24, 1933"
        ],
        "reappoint_dates": []
    },
    "Ogden L. Mills": {
        "resign_dates": [
            "Mar. 4, 1933"
        ],
        "reappoint_dates": []
    },
    "William H. Woodin": {
        "resign_dates": [
            "Dec. 31, 1933"
        ],
        "reappoint_dates": []
    },
    "J.F.T. O'Connor": {
        "resign_dates": [
            "Feb. 1, 1936"
        ],
        "reappoint_dates": []
    },
    "Eugene R. Black": {
        "resign_dates": [
            "Aug. 15, 1934"
        ],
        "reappoint_dates": []
    },
    "M.S. Szymczak": {
        "resign_dates": [
            "May 31, 1961"
        ],
        "reappoint_dates": []
    },
    "J.J. Thomas": {
        "resign_dates": [
            "Feb. 10, 1936"
        ],
        "reappoint_dates": []
    },
    "Henry Morgenthau, Jr.": {
        "resign_dates": [
            "Feb. 1, 1936"
        ],
        "reappoint_dates": []
    },
    "Marriner S. Eccles": {
        "resign_dates": [
            "July 14, 1951"
        ],
        "reappoint_dates": []
    },
    "Joseph A. Broderick": {
        "resign_dates": [
            "Sept. 30, 1937"
        ],
        "reappoint_dates": []
    },
    "John K. McKee": {
        "resign_dates": [
            "Apr. 4, 1946"
        ],
        "reappoint_dates": []
    },
    "Ronald Ransom": {
        "resign_dates": [
            "Dec. 2, 1947"
        ],
        "reappoint_dates": []
    },
    "Ralph W. Morrison": {
        "resign_dates": [
            "July 9, 1936"
        ],
        "reappoint_dates": []
    },
    "Chester C. Davis": {
        "resign_dates": [
            "Apr. 15, 1941"
        ],
        "reappoint_dates": []
    },
    "Ernest G. Draper": {
        "resign_dates": [
            "Sept. 1, 1950"
        ],
        "reappoint_dates": []
    },
    "Rudolph M. Evans": {
        "resign_dates": [
            "Aug. 13, 1954"
        ],
        "reappoint_dates": []
    },
    "James K. Vardaman, Jr.": {
        "resign_dates": [
            "Nov. 30, 1958"
        ],
        "reappoint_dates": []
    },
    "Lawrence Clayton": {
        "resign_dates": [
            "Dec. 4, 1949"
        ],
        "reappoint_dates": []
    },
    "Thomas B. McCabe": {
        "resign_dates": [
            "Mar. 31, 1951"
        ],
        "reappoint_dates": []
    },
    "Edward L. Norton": {
        "resign_dates": [
            "Jan. 31, 1952"
        ],
        "reappoint_dates": []
    },
    "Oliver S. Powell": {
        "resign_dates": [
            "June 30, 1952"
        ],
        "reappoint_dates": []
    },
    "Wm. McC. Martin, Jr.": {
        "resign_dates": [
            "Jan. 31, 1970"
        ],
        "reappoint_dates": []
    },
    "A.L. Mills, Jr.": {
        "resign_dates": [
            "Feb. 28, 1965"
        ],
        "reappoint_dates": []
    },
    "J.L. Robertson": {
        "resign_dates": [
            "Apr. 30, 1973"
        ],
        "reappoint_dates": []
    },
    "C. Canby Balderston": {
        "resign_dates": [
            "Feb. 28, 1966"
        ],
        "reappoint_dates": []
    },
    "Paul E. Miller": {
        "resign_dates": [
            "Oct. 21, 1954"
        ],
        "reappoint_dates": []
    },
    "Chas. N. Shepardson": {
        "resign_dates": [
            "Apr. 30, 1967"
        ],
        "reappoint_dates": []
    },
    "G.H. King, Jr.": {
        "resign_dates": [
            "Sept. 18, 1963"
        ],
        "reappoint_dates": []
    },
    "George W. Mitchell": {
        "resign_dates": [
            "Feb. 13, 1976"
        ],
        "reappoint_dates": []
    },
    "J. Dewey Daane": {
        "resign_dates": [
            "Mar. 8, 1974"
        ],
        "reappoint_dates": []
    },
    "Sherman J. Maisel": {
        "resign_dates": [
            "May 31, 1972"
        ],
        "reappoint_dates": []
    },
    "Andrew F. Brimmer": {
        "resign_dates": [
            "Aug. 31, 1974"
        ],
        "reappoint_dates": []
    },
    "William W. Sherrill": {
        "resign_dates": [
            "Nov. 15, 1971"
        ],
        "reappoint_dates": []
    },
    "Arthur F. Burns": {
        "resign_dates": [
            "Mar. 31, 1978"
        ],
        "reappoint_dates": []
    },
    "John E. Sheehan": {
        "resign_dates": [
            "June 1, 1975"
        ],
        "reappoint_dates": []
    },
    "Jeffrey M. Bucher": {
        "resign_dates": [
            "Jan. 2, 1976"
        ],
        "reappoint_dates": []
    },
    "Robert C. Holland": {
        "resign_dates": [
            "May 15, 1976"
        ],
        "reappoint_dates": []
    },
    "Henry C. Wallich": {
        "resign_dates": [
            "Dec. 15, 1986"
        ],
        "reappoint_dates": []
    },
    "Philip E. Coldwell": {
        "resign_dates": [
            "Feb. 29, 1980"
        ],
        "reappoint_dates": []
    },
    "Philip C. Jackson, Jr.": {
        "resign_dates": [
            "Nov. 17, 1978"
        ],
        "reappoint_dates": []
    },
    "J. Charles Partee": {
        "resign_dates": [
            "Feb. 7, 1986"
        ],
        "reappoint_dates": []
    },
    "Stephen S. Gardner": {
        "resign_dates": [
            "Nov. 19, 1978"
        ],
        "reappoint_dates": []
    },
    "David M. Lilly": {
        "resign_dates": [
            "Feb. 24, 1978"
        ],
        "reappoint_dates": []
    },
    "G. William Miller": {
        "resign_dates": [
            "Aug. 6, 1979"
        ],
        "reappoint_dates": []
    },
    "Nancy H. Teeters": {
        "resign_dates": [
            "June 27, 1984"
        ],
        "reappoint_dates": []
    },
    "Emmett J. Rice": {
        "resign_dates": [
            "Dec. 31, 1986"
        ],
        "reappoint_dates": []
    },
    "Frederick H. Schultz": {
        "resign_dates": [
            "Feb. 11, 1982"
        ],
        "reappoint_dates": []
    },
    "Paul A. Volcker": {
        "resign_dates": [
            "August 11, 1987"
        ],
        "reappoint_dates": []
    },
    "Lyle E. Gramley": {
        "resign_dates": [
            "Sept. 1, 1985"
        ],
        "reappoint_dates": []
    },
    "Preston Martin": {
        "resign_dates": [
            "April 30, 1986"
        ],
        "reappoint_dates": []
    },
    "Martha R. Seger": {
        "resign_dates": [
            "March 11, 1991"
        ],
        "reappoint_dates": []
    },
    "Wayne D. Angell": {
        "resign_dates": [
            "Feb. 9, 1994"
        ],
        "reappoint_dates": []
    },
    "Manuel H. Johnson": {
        "resign_dates": [
            "August 3, 1990"
        ],
        "reappoint_dates": []
    },
    "H. Robert Heller": {
        "resign_dates": [
            "July 31, 1989"
        ],
        "reappoint_dates": []
    },
    "Edward W. Kelley, Jr.": {
        "resign_dates": [
            "Dec. 31, 2001"
        ],
        "reappoint_dates": []
    },
    "Alan Greenspan": {
        "resign_dates": [
            "Jan. 31, 2006"
        ],
        "reappoint_dates": []
    },
    "John P. LaWare": {
        "resign_dates": [
            "April 30, 1995"
        ],
        "reappoint_dates": []
    },
    "David W. Mullins, Jr.": {
        "resign_dates": [
            "Feb. 14, 1994"
        ],
        "reappoint_dates": []
    },
    "Lawrence B. Lindsey": {
        "resign_dates": [
            "Feb. 5, 1997"
        ],
        "reappoint_dates": []
    },
    "Susan M. Phillips": {
        "resign_dates": [
            "June 30, 1998"
        ],
        "reappoint_dates": []
    },
    "Alan S. Blinder": {
        "resign_dates": [
            "Jan. 31, 1996"
        ],
        "reappoint_dates": []
    },
    "Janet L. Yellen": {
        "resign_dates": [
            "Feb. 17, 1997",
            "Feb. 3, 2018"
        ],
        "reappoint_dates": [
            "Oct. 4, 2010"
        ]
    },
    "Laurence H. Meyer": {
        "resign_dates": [
            "Jan. 31, 2002"
        ],
        "reappoint_dates": []
    },
    "Alice M. Rivlin": {
        "resign_dates": [
            "July 16, 1999"
        ],
        "reappoint_dates": []
    },
    "Roger W. Ferguson, Jr.": {
        "resign_dates": [
            "April 28, 2006"
        ],
        "reappoint_dates": []
    },
    "Edward M. Gramlich": {
        "resign_dates": [
            "August 31, 2005"
        ],
        "reappoint_dates": []
    },
    "Susan S. Bies": {
        "resign_dates": [
            "March 30, 2007"
        ],
        "reappoint_dates": []
    },
    "Mark W. Olson": {
        "resign_dates": [
            "June 30, 2006"
        ],
        "reappoint_dates": []
    },
    "Ben S. Bernanke": {
        "resign_dates": [
            "June 21, 2005",
            "Jan. 31, 2014"
        ],
        "reappoint_dates": [
            "Feb. 1, 2006"
        ]
    },
    "Donald L. Kohn": {
        "resign_dates": [
            "September 1, 2010"
        ],
        "reappoint_dates": []
    },
    "Kevin M. Warsh": {
        "resign_dates": [
            "April 2, 2011"
        ],
        "reappoint_dates": []
    },
    "Randall S. Kroszner": {
        "resign_dates": [
            "January 21, 2009"
        ],
        "reappoint_dates": []
    },
    "Frederic S. Mishkin": {
        "resign_dates": [
            "August 31, 2008"
        ],
        "reappoint_dates": []
    },
    "Elizabeth A. Duke": {
        "resign_dates": [
            "August 31, 2013"
        ],
        "reappoint_dates": []
    },
    "Daniel K. Tarullo": {
        "resign_dates": [
            "April 5, 2017"
        ],
        "reappoint_dates": []
    },
    "Sarah Bloom Raskin": {
        "resign_dates": [
            "March 13, 2014"
        ],
        "reappoint_dates": []
    },
    "Jerome H. Powell": {
        "resign_dates": [],
        "reappoint_dates": [
            "June 16, 2014"
        ]
    },
    "Jeremy C. Stein": {
        "resign_dates": [
            "May 28, 2014"
        ],
        "reappoint_dates": []
    },
    "Stanley Fischer": {
        "resign_dates": [
            "Oct. 16, 2017"
        ],
        "reappoint_dates": []
    },
    "Lael Brainard": {
        "resign_dates": [
            "Feb. 18, 2023"
        ],
        "reappoint_dates": []
    },
    "Randal K. Quarles": {
        "resign_dates": [
            "Dec. 25, 2021"
        ],
        "reappoint_dates": []
    },
    "Richard H. Clarida": {
        "resign_dates": [
            "Jan. 14, 2022"
        ],
        "reappoint_dates": []
    },
    "Michelle W. Bowman": {
        "resign_dates": [],
        "reappoint_dates": [
            "Jan. 30, 2020"
        ]
    },
    "Lisa D. Cook": {
        "resign_dates": [],
        "reappoint_dates": [
            "Sept. 13, 2023"
        ]
    }
}