Date of term,Appointee,TermBeginDate,TermEndDate
"Aug. 6, 1936 - Dec. 2, 1947",Ronald Ransom,"Aug. 6, 1936","Dec. 2, 1947"
"Mar. 11, 1955 - Feb. 28, 1966",C. Canby Balderston,"Mar. 11, 1955","Feb. 28, 1966"
"Mar. 1, 1966 - Apr. 30, 1973",J.L. Robertson,"Mar. 1, 1966","Apr. 30, 1973"
"May 1, 1973 - Feb. 13, 1976",George W. Mitchell,"May 1, 1973","Feb. 13, 1976"
"Feb. 13, 1976 - Nov. 19, 1978",Stephen S. Gardner,"Feb. 13, 1976","Nov. 19, 1978"
"July 27, 1979 - Feb. 11, 1982",Frederick H. Schultz,"July 27, 1979","Feb. 11, 1982"
"Mar. 31, 1982 - Apr. 30, 1986",Preston Martin,"Mar. 31, 1982","Apr. 30, 1986"
"Aug. 4, 1986 - Aug. 3, 1990",Manuel H. Johnson,"Aug. 4, 1986","Aug. 3, 1990"
"July 24, 1991 - Feb. 14, 1994","David W. Mullins, Jr.","July 24, 1991","Feb. 14, 1994"
"June 27, 1994 - Jan. 31, 1996",Alan S. Blinder,"June 27, 1994","Jan. 31, 1996"
"June 25, 1996 - July 16, 1999",Alice M. Rivlin,"June 25, 1996","July 16, 1999"
"Oct. 5, 1999 - Apr. 28, 2006","Roger W. Ferguson, Jr.","Oct. 5, 1999","Apr. 28, 2006"
"June 23, 2006 - June 23, 2010",Donald L. Kohn,"June 23, 2006","June 23, 2010"
"Oct. 4, 2010 - Feb. 3, 2014",Janet L. Yellen,"Oct. 4, 2010","Feb. 3, 2014"
"June 16, 2014 - Oct. 16, 2017",Stanley Fischer,"June 16, 2014","Oct. 16, 2017"
"Sept. 17, 2018 - Jan. 14, 2022",Richard H. Clarida,"Sept. 17, 2018","Jan. 14, 2022"
"May 23, 2022 - February 18, 2023",Lael Brainard,"May 23, 2022","February 18, 2023"
"Sept. 13, 2023 -",Philip N. Jefferson,"Sept. 13, 2023",
